Status;Task type;Topology name;Dataset;Framework;Inference Framework;Input blob sizes;Precision;Batch size;Mode;Parameters;Infrastructure;Average time of single pass (s);Latency;FPS
Success;Classification;alexnet;ImageNET;Caffe;OpenVINO DLDT;1x3x227x227;FP32;1;Sync;Device: CPU, Iteration count: 1000;CPU: Intel(R) Core(TM) i3-8100 CPU @ 3.60GHz, CPU family: x86_64, GPU: Intel(R) Gen9 HD Graphics, RAM size: 32757916 kB, OS family: Linux, OS version: Linux-5.3.0-51-generic-x86_64-with-Ubuntu-18.04-bionic, Python version: 3.6.9;0.012;0.012;86.665
Success;Classification;alexnet;ImageNET;Caffe;OpenVINO DLDT;1x3x227x227;FP32;8;Sync;Device: CPU, Iteration count: 1000;CPU: Intel(R) Core(TM) i3-8100 CPU @ 3.60GHz, CPU family: x86_64, GPU: Intel(R) Gen9 HD Graphics, RAM size: 32757916 kB, OS family: Linux, OS version: Linux-5.3.0-51-generic-x86_64-with-Ubuntu-18.04-bionic, Python version: 3.6.9;0.046;0.046;173.901
Success;Classification;alexnet;ImageNET;Caffe;OpenVINO DLDT;1x3x227x227;FP32;1;Sync;Device: GPU, Iteration count: 1000;CPU: Intel(R) Core(TM) i3-8100 CPU @ 3.60GHz, CPU family: x86_64, GPU: Intel(R) Gen9 HD Graphics, RAM size: 32757916 kB, OS family: Linux, OS version: Linux-5.3.0-51-generic-x86_64-with-Ubuntu-18.04-bionic, Python version: 3.6.9;0.009;0.009;114.041
Success;Classification;alexnet;ImageNET;Caffe;OpenVINO DLDT;1x3x227x227;FP32;8;Sync;Device: GPU, Iteration count: 1000;CPU: Intel(R) Core(TM) i3-8100 CPU @ 3.60GHz, CPU family: x86_64, GPU: Intel(R) Gen9 HD Graphics, RAM size: 32757916 kB, OS family: Linux, OS version: Linux-5.3.0-51-generic-x86_64-with-Ubuntu-18.04-bionic, Python version: 3.6.9;0.047;0.047;172.033
Success;Classification;alexnet;ImageNET;Caffe;OpenVINO DLDT;1x3x227x227;FP32;1;Async;Device: CPU, Iteration count: 1000;CPU: Intel(R) Core(TM) i3-8100 CPU @ 3.60GHz, CPU family: x86_64, GPU: Intel(R) Gen9 HD Graphics, RAM size: 32757916 kB, OS family: Linux, OS version: Linux-5.3.0-51-generic-x86_64-with-Ubuntu-18.04-bionic, Python version: 3.6.9;0.009;0;112.616
Success;Classification;alexnet;ImageNET;Caffe;OpenVINO DLDT;1x3x227x227;FP32;8;Async;Device: CPU, Iteration count: 1000;CPU: Intel(R) Core(TM) i3-8100 CPU @ 3.60GHz, CPU family: x86_64, GPU: Intel(R) Gen9 HD Graphics, RAM size: 32757916 kB, OS family: Linux, OS version: Linux-5.3.0-51-generic-x86_64-with-Ubuntu-18.04-bionic, Python version: 3.6.9;0.041;0;195.025
Success;Classification;caffenet;ImageNET;Caffe;OpenVINO DLDT;1x3x227x227;FP32;1;Sync;Device: CPU, Iteration count: 1000;CPU: Intel(R) Core(TM) i3-8100 CPU @ 3.60GHz, CPU family: x86_64, GPU: Intel(R) Gen9 HD Graphics, RAM size: 32757916 kB, OS family: Linux, OS version: Linux-5.3.0-51-generic-x86_64-with-Ubuntu-18.04-bionic, Python version: 3.6.9;0.011;0.011;88.779
Success;Classification;caffenet;ImageNET;Caffe;OpenVINO DLDT;1x3x227x227;FP32;8;Sync;Device: CPU, Iteration count: 1000;CPU: Intel(R) Core(TM) i3-8100 CPU @ 3.60GHz, CPU family: x86_64, GPU: Intel(R) Gen9 HD Graphics, RAM size: 32757916 kB, OS family: Linux, OS version: Linux-5.3.0-51-generic-x86_64-with-Ubuntu-18.04-bionic, Python version: 3.6.9;0.044;0.044;182.26
Success;Classification;caffenet;ImageNET;Caffe;OpenVINO DLDT;1x3x227x227;FP32;1;Sync;Device: GPU, Iteration count: 1000;CPU: Intel(R) Core(TM) i3-8100 CPU @ 3.60GHz, CPU family: x86_64, GPU: Intel(R) Gen9 HD Graphics, RAM size: 32757916 kB, OS family: Linux, OS version: Linux-5.3.0-51-generic-x86_64-with-Ubuntu-18.04-bionic, Python version: 3.6.9;0.009;0.009;114.897
Success;Classification;caffenet;ImageNET;Caffe;OpenVINO DLDT;1x3x227x227;FP32;8;Sync;Device: GPU, Iteration count: 1000;CPU: Intel(R) Core(TM) i3-8100 CPU @ 3.60GHz, CPU family: x86_64, GPU: Intel(R) Gen9 HD Graphics, RAM size: 32757916 kB, OS family: Linux, OS version: Linux-5.3.0-51-generic-x86_64-with-Ubuntu-18.04-bionic, Python version: 3.6.9;0.045;0.045;176.902
Success;Classification;caffenet;ImageNET;Caffe;OpenVINO DLDT;1x3x227x227;FP32;1;Async;Device: CPU, Iteration count: 1000;CPU: Intel(R) Core(TM) i3-8100 CPU @ 3.60GHz, CPU family: x86_64, GPU: Intel(R) Gen9 HD Graphics, RAM size: 32757916 kB, OS family: Linux, OS version: Linux-5.3.0-51-generic-x86_64-with-Ubuntu-18.04-bionic, Python version: 3.6.9;0.009;0;114.355
Success;Classification;caffenet;ImageNET;Caffe;OpenVINO DLDT;1x3x227x227;FP32;8;Async;Device: CPU, Iteration count: 1000;CPU: Intel(R) Core(TM) i3-8100 CPU @ 3.60GHz, CPU family: x86_64, GPU: Intel(R) Gen9 HD Graphics, RAM size: 32757916 kB, OS family: Linux, OS version: Linux-5.3.0-51-generic-x86_64-with-Ubuntu-18.04-bionic, Python version: 3.6.9;0.039;0;205.065
Success;Classification;densenet-121;ImageNET;Caffe;OpenVINO DLDT;1x3x224x224;FP32;1;Sync;Device: CPU, Iteration count: 1000;CPU: Intel(R) Core(TM) i3-8100 CPU @ 3.60GHz, CPU family: x86_64, GPU: Intel(R) Gen9 HD Graphics, RAM size: 32757916 kB, OS family: Linux, OS version: Linux-5.3.0-51-generic-x86_64-with-Ubuntu-18.04-bionic, Python version: 3.6.9;0.017;0.017;58.436
Success;Classification;densenet-121;ImageNET;Caffe;OpenVINO DLDT;1x3x224x224;FP32;8;Sync;Device: CPU, Iteration count: 1000;CPU: Intel(R) Core(TM) i3-8100 CPU @ 3.60GHz, CPU family: x86_64, GPU: Intel(R) Gen9 HD Graphics, RAM size: 32757916 kB, OS family: Linux, OS version: Linux-5.3.0-51-generic-x86_64-with-Ubuntu-18.04-bionic, Python version: 3.6.9;0.183;0.183;43.715
Success;Classification;densenet-121;ImageNET;Caffe;OpenVINO DLDT;1x3x224x224;FP32;1;Sync;Device: GPU, Iteration count: 1000;CPU: Intel(R) Core(TM) i3-8100 CPU @ 3.60GHz, CPU family: x86_64, GPU: Intel(R) Gen9 HD Graphics, RAM size: 32757916 kB, OS family: Linux, OS version: Linux-5.3.0-51-generic-x86_64-with-Ubuntu-18.04-bionic, Python version: 3.6.9;0.028;0.028;36.033
Success;Classification;densenet-121;ImageNET;Caffe;OpenVINO DLDT;1x3x224x224;FP32;8;Sync;Device: GPU, Iteration count: 1000;CPU: Intel(R) Core(TM) i3-8100 CPU @ 3.60GHz, CPU family: x86_64, GPU: Intel(R) Gen9 HD Graphics, RAM size: 32757916 kB, OS family: Linux, OS version: Linux-5.3.0-51-generic-x86_64-with-Ubuntu-18.04-bionic, Python version: 3.6.9;0.178;0.178;44.969
Success;Classification;densenet-121;ImageNET;Caffe;OpenVINO DLDT;1x3x224x224;FP32;1;Async;Device: CPU, Iteration count: 1000;CPU: Intel(R) Core(TM) i3-8100 CPU @ 3.60GHz, CPU family: x86_64, GPU: Intel(R) Gen9 HD Graphics, RAM size: 32757916 kB, OS family: Linux, OS version: Linux-5.3.0-51-generic-x86_64-with-Ubuntu-18.04-bionic, Python version: 3.6.9;0.017;0;59.726
Success;Classification;densenet-121;ImageNET;Caffe;OpenVINO DLDT;1x3x224x224;FP32;8;Async;Device: CPU, Iteration count: 1000;CPU: Intel(R) Core(TM) i3-8100 CPU @ 3.60GHz, CPU family: x86_64, GPU: Intel(R) Gen9 HD Graphics, RAM size: 32757916 kB, OS family: Linux, OS version: Linux-5.3.0-51-generic-x86_64-with-Ubuntu-18.04-bionic, Python version: 3.6.9;0.165;0;48.632
Success;Classification;densenet-161;ImageNET;Caffe;OpenVINO DLDT;1x3x224x224;FP32;1;Sync;Device: CPU, Iteration count: 1000;CPU: Intel(R) Core(TM) i3-8100 CPU @ 3.60GHz, CPU family: x86_64, GPU: Intel(R) Gen9 HD Graphics, RAM size: 32757916 kB, OS family: Linux, OS version: Linux-5.3.0-51-generic-x86_64-with-Ubuntu-18.04-bionic, Python version: 3.6.9;0.049;0.049;20.253
Success;Classification;densenet-161;ImageNET;Caffe;OpenVINO DLDT;1x3x224x224;FP32;8;Sync;Device: CPU, Iteration count: 1000;CPU: Intel(R) Core(TM) i3-8100 CPU @ 3.60GHz, CPU family: x86_64, GPU: Intel(R) Gen9 HD Graphics, RAM size: 32757916 kB, OS family: Linux, OS version: Linux-5.3.0-51-generic-x86_64-with-Ubuntu-18.04-bionic, Python version: 3.6.9;0.473;0.473;16.918
Success;Classification;densenet-161;ImageNET;Caffe;OpenVINO DLDT;1x3x224x224;FP32;1;Sync;Device: GPU, Iteration count: 1000;CPU: Intel(R) Core(TM) i3-8100 CPU @ 3.60GHz, CPU family: x86_64, GPU: Intel(R) Gen9 HD Graphics, RAM size: 32757916 kB, OS family: Linux, OS version: Linux-5.3.0-51-generic-x86_64-with-Ubuntu-18.04-bionic, Python version: 3.6.9;0.065;0.065;15.351
Success;Classification;densenet-161;ImageNET;Caffe;OpenVINO DLDT;1x3x224x224;FP32;8;Sync;Device: GPU, Iteration count: 1000;CPU: Intel(R) Core(TM) i3-8100 CPU @ 3.60GHz, CPU family: x86_64, GPU: Intel(R) Gen9 HD Graphics, RAM size: 32757916 kB, OS family: Linux, OS version: Linux-5.3.0-51-generic-x86_64-with-Ubuntu-18.04-bionic, Python version: 3.6.9;0.456;0.456;17.531
Success;Classification;densenet-161;ImageNET;Caffe;OpenVINO DLDT;1x3x224x224;FP32;1;Async;Device: CPU, Iteration count: 1000;CPU: Intel(R) Core(TM) i3-8100 CPU @ 3.60GHz, CPU family: x86_64, GPU: Intel(R) Gen9 HD Graphics, RAM size: 32757916 kB, OS family: Linux, OS version: Linux-5.3.0-51-generic-x86_64-with-Ubuntu-18.04-bionic, Python version: 3.6.9;0.046;0;21.507
Success;Classification;densenet-161;ImageNET;Caffe;OpenVINO DLDT;1x3x224x224;FP32;8;Async;Device: CPU, Iteration count: 1000;CPU: Intel(R) Core(TM) i3-8100 CPU @ 3.60GHz, CPU family: x86_64, GPU: Intel(R) Gen9 HD Graphics, RAM size: 32757916 kB, OS family: Linux, OS version: Linux-5.3.0-51-generic-x86_64-with-Ubuntu-18.04-bionic, Python version: 3.6.9;0.423;0;18.92
Success;Classification;densenet-169;ImageNET;Caffe;OpenVINO DLDT;1x3x224x224;FP32;1;Sync;Device: CPU, Iteration count: 1000;CPU: Intel(R) Core(TM) i3-8100 CPU @ 3.60GHz, CPU family: x86_64, GPU: Intel(R) Gen9 HD Graphics, RAM size: 32757916 kB, OS family: Linux, OS version: Linux-5.3.0-51-generic-x86_64-with-Ubuntu-18.04-bionic, Python version: 3.6.9;0.021;0.021;47.317
Success;Classification;densenet-169;ImageNET;Caffe;OpenVINO DLDT;1x3x224x224;FP32;8;Sync;Device: CPU, Iteration count: 1000;CPU: Intel(R) Core(TM) i3-8100 CPU @ 3.60GHz, CPU family: x86_64, GPU: Intel(R) Gen9 HD Graphics, RAM size: 32757916 kB, OS family: Linux, OS version: Linux-5.3.0-51-generic-x86_64-with-Ubuntu-18.04-bionic, Python version: 3.6.9;0.224;0.224;35.771
Success;Classification;densenet-169;ImageNET;Caffe;OpenVINO DLDT;1x3x224x224;FP32;1;Sync;Device: GPU, Iteration count: 1000;CPU: Intel(R) Core(TM) i3-8100 CPU @ 3.60GHz, CPU family: x86_64, GPU: Intel(R) Gen9 HD Graphics, RAM size: 32757916 kB, OS family: Linux, OS version: Linux-5.3.0-51-generic-x86_64-with-Ubuntu-18.04-bionic, Python version: 3.6.9;0.035;0.035;28.404
Success;Classification;densenet-169;ImageNET;Caffe;OpenVINO DLDT;1x3x224x224;FP32;8;Sync;Device: GPU, Iteration count: 1000;CPU: Intel(R) Core(TM) i3-8100 CPU @ 3.60GHz, CPU family: x86_64, GPU: Intel(R) Gen9 HD Graphics, RAM size: 32757916 kB, OS family: Linux, OS version: Linux-5.3.0-51-generic-x86_64-with-Ubuntu-18.04-bionic, Python version: 3.6.9;0.217;0.217;36.811
Success;Classification;densenet-169;ImageNET;Caffe;OpenVINO DLDT;1x3x224x224;FP32;1;Async;Device: CPU, Iteration count: 1000;CPU: Intel(R) Core(TM) i3-8100 CPU @ 3.60GHz, CPU family: x86_64, GPU: Intel(R) Gen9 HD Graphics, RAM size: 32757916 kB, OS family: Linux, OS version: Linux-5.3.0-51-generic-x86_64-with-Ubuntu-18.04-bionic, Python version: 3.6.9;0.02;0;49.388
Success;Classification;densenet-169;ImageNET;Caffe;OpenVINO DLDT;1x3x224x224;FP32;8;Async;Device: CPU, Iteration count: 1000;CPU: Intel(R) Core(TM) i3-8100 CPU @ 3.60GHz, CPU family: x86_64, GPU: Intel(R) Gen9 HD Graphics, RAM size: 32757916 kB, OS family: Linux, OS version: Linux-5.3.0-51-generic-x86_64-with-Ubuntu-18.04-bionic, Python version: 3.6.9;0.204;0;39.183
Success;Classification;densenet-201;ImageNET;Caffe;OpenVINO DLDT;1x3x224x224;FP32;1;Sync;Device: CPU, Iteration count: 1000;CPU: Intel(R) Core(TM) i3-8100 CPU @ 3.60GHz, CPU family: x86_64, GPU: Intel(R) Gen9 HD Graphics, RAM size: 32757916 kB, OS family: Linux, OS version: Linux-5.3.0-51-generic-x86_64-with-Ubuntu-18.04-bionic, Python version: 3.6.9;0.027;0.027;36.878
Success;Classification;densenet-201;ImageNET;Caffe;OpenVINO DLDT;1x3x224x224;FP32;8;Sync;Device: CPU, Iteration count: 1000;CPU: Intel(R) Core(TM) i3-8100 CPU @ 3.60GHz, CPU family: x86_64, GPU: Intel(R) Gen9 HD Graphics, RAM size: 32757916 kB, OS family: Linux, OS version: Linux-5.3.0-51-generic-x86_64-with-Ubuntu-18.04-bionic, Python version: 3.6.9;0.302;0.302;26.473
Success;Classification;densenet-201;ImageNET;Caffe;OpenVINO DLDT;1x3x224x224;FP32;1;Sync;Device: GPU, Iteration count: 1000;CPU: Intel(R) Core(TM) i3-8100 CPU @ 3.60GHz, CPU family: x86_64, GPU: Intel(R) Gen9 HD Graphics, RAM size: 32757916 kB, OS family: Linux, OS version: Linux-5.3.0-51-generic-x86_64-with-Ubuntu-18.04-bionic, Python version: 3.6.9;0.045;0.045;22.219
Success;Classification;densenet-201;ImageNET;Caffe;OpenVINO DLDT;1x3x224x224;FP32;8;Sync;Device: GPU, Iteration count: 1000;CPU: Intel(R) Core(TM) i3-8100 CPU @ 3.60GHz, CPU family: x86_64, GPU: Intel(R) Gen9 HD Graphics, RAM size: 32757916 kB, OS family: Linux, OS version: Linux-5.3.0-51-generic-x86_64-with-Ubuntu-18.04-bionic, Python version: 3.6.9;0.278;0.278;28.775
Success;Classification;densenet-201;ImageNET;Caffe;OpenVINO DLDT;1x3x224x224;FP32;1;Async;Device: CPU, Iteration count: 1000;CPU: Intel(R) Core(TM) i3-8100 CPU @ 3.60GHz, CPU family: x86_64, GPU: Intel(R) Gen9 HD Graphics, RAM size: 32757916 kB, OS family: Linux, OS version: Linux-5.3.0-51-generic-x86_64-with-Ubuntu-18.04-bionic, Python version: 3.6.9;0.027;0;37.729
Success;Classification;densenet-201;ImageNET;Caffe;OpenVINO DLDT;1x3x224x224;FP32;8;Async;Device: CPU, Iteration count: 1000;CPU: Intel(R) Core(TM) i3-8100 CPU @ 3.60GHz, CPU family: x86_64, GPU: Intel(R) Gen9 HD Graphics, RAM size: 32757916 kB, OS family: Linux, OS version: Linux-5.3.0-51-generic-x86_64-with-Ubuntu-18.04-bionic, Python version: 3.6.9;0.274;0;29.157
Success;Semantic segmentation;deeplabv3;PASCAL VOC;TensorFlow;OpenVINO DLDT;1x3x513x513;FP32;1;Sync;Device: CPU, Iteration count: 1000;CPU: Intel(R) Core(TM) i3-8100 CPU @ 3.60GHz, CPU family: x86_64, GPU: Intel(R) Gen9 HD Graphics, RAM size: 32757916 kB, OS family: Linux, OS version: Linux-5.3.0-51-generic-x86_64-with-Ubuntu-18.04-bionic, Python version: 3.6.9;0.064;0.064;15.579
Success;Semantic segmentation;deeplabv3;PASCAL VOC;TensorFlow;OpenVINO DLDT;1x3x513x513;FP32;8;Sync;Device: CPU, Iteration count: 1000;CPU: Intel(R) Core(TM) i3-8100 CPU @ 3.60GHz, CPU family: x86_64, GPU: Intel(R) Gen9 HD Graphics, RAM size: 32757916 kB, OS family: Linux, OS version: Linux-5.3.0-51-generic-x86_64-with-Ubuntu-18.04-bionic, Python version: 3.6.9;0.524;0.524;15.261
Success;Semantic segmentation;deeplabv3;PASCAL VOC;TensorFlow;OpenVINO DLDT;1x3x513x513;FP32;1;Sync;Device: GPU, Iteration count: 1000;CPU: Intel(R) Core(TM) i3-8100 CPU @ 3.60GHz, CPU family: x86_64, GPU: Intel(R) Gen9 HD Graphics, RAM size: 32757916 kB, OS family: Linux, OS version: Linux-5.3.0-51-generic-x86_64-with-Ubuntu-18.04-bionic, Python version: 3.6.9;0.122;0.122;אגד.17
Success;Semantic segmentation;deeplabv3;PASCAL VOC;TensorFlow;OpenVINO DLDT;1x3x513x513;FP32;8;Sync;Device: GPU, Iteration count: 1000;CPU: Intel(R) Core(TM) i3-8100 CPU @ 3.60GHz, CPU family: x86_64, GPU: Intel(R) Gen9 HD Graphics, RAM size: 32757916 kB, OS family: Linux, OS version: Linux-5.3.0-51-generic-x86_64-with-Ubuntu-18.04-bionic, Python version: 3.6.9;1.081;1.081;7.403
Success;Semantic segmentation;deeplabv3;PASCAL VOC;TensorFlow;OpenVINO DLDT;1x3x513x513;FP32;1;Async;Device: CPU, Iteration count: 1000;CPU: Intel(R) Core(TM) i3-8100 CPU @ 3.60GHz, CPU family: x86_64, GPU: Intel(R) Gen9 HD Graphics, RAM size: 32757916 kB, OS family: Linux, OS version: Linux-5.3.0-51-generic-x86_64-with-Ubuntu-18.04-bionic, Python version: 3.6.9;0.061;0;16.267
Success;Semantic segmentation;deeplabv3;PASCAL VOC;TensorFlow;OpenVINO DLDT;1x3x513x513;FP32;8;Async;Device: CPU, Iteration count: 1000;CPU: Intel(R) Core(TM) i3-8100 CPU @ 3.60GHz, CPU family: x86_64, GPU: Intel(R) Gen9 HD Graphics, RAM size: 32757916 kB, OS family: Linux, OS version: Linux-5.3.0-51-generic-x86_64-with-Ubuntu-18.04-bionic, Python version: 3.6.9;0.49;0;16.312
Success;Object detection;ssd300;PASCAL VOC;Caffe;OpenVINO DLDT;1x3x300x300;FP32;1;Sync;Device: CPU, Iteration count: 1000;CPU: Intel(R) Core(TM) i3-8100 CPU @ 3.60GHz, CPU family: x86_64, GPU: Intel(R) Gen9 HD Graphics, RAM size: 32757916 kB, OS family: Linux, OS version: Linux-5.3.0-51-generic-x86_64-with-Ubuntu-18.04-bionic, Python version: 3.6.9;0.157;0.157;6.353
Success;Object detection;ssd300;PASCAL VOC;Caffe;OpenVINO DLDT;1x3x300x300;FP32;8;Sync;Device: CPU, Iteration count: 1000;CPU: Intel(R) Core(TM) i3-8100 CPU @ 3.60GHz, CPU family: x86_64, GPU: Intel(R) Gen9 HD Graphics, RAM size: 32757916 kB, OS family: Linux, OS version: Linux-5.3.0-51-generic-x86_64-with-Ubuntu-18.04-bionic, Python version: 3.6.9;1.263;1.263;6.334
Success;Object detection;ssd300;PASCAL VOC;Caffe;OpenVINO DLDT;1x3x300x300;FP32;1;Sync;Device: GPU, Iteration count: 1000;CPU: Intel(R) Core(TM) i3-8100 CPU @ 3.60GHz, CPU family: x86_64, GPU: Intel(R) Gen9 HD Graphics, RAM size: 32757916 kB, OS family: Linux, OS version: Linux-5.3.0-51-generic-x86_64-with-Ubuntu-18.04-bionic, Python version: 3.6.9;0.2;0.2;4.996
Success;Object detection;ssd300;PASCAL VOC;Caffe;OpenVINO DLDT;1x3x300x300;FP32;8;Sync;Device: GPU, Iteration count: 1000;CPU: Intel(R) Core(TM) i3-8100 CPU @ 3.60GHz, CPU family: x86_64, GPU: Intel(R) Gen9 HD Graphics, RAM size: 32757916 kB, OS family: Linux, OS version: Linux-5.3.0-51-generic-x86_64-with-Ubuntu-18.04-bionic, Python version: 3.6.9;1.543;1.543;5.186
Success;Object detection;ssd300;PASCAL VOC;Caffe;OpenVINO DLDT;1x3x300x300;FP32;1;Async;Device: CPU, Iteration count: 1000;CPU: Intel(R) Core(TM) i3-8100 CPU @ 3.60GHz, CPU family: x86_64, GPU: Intel(R) Gen9 HD Graphics, RAM size: 32757916 kB, OS family: Linux, OS version: Linux-5.3.0-51-generic-x86_64-with-Ubuntu-18.04-bionic, Python version: 3.6.9;0.163;0;6.147
Success;Object detection;ssd300;PASCAL VOC;Caffe;OpenVINO DLDT;1x3x300x300;FP32;8;Async;Device: CPU, Iteration count: 1000;CPU: Intel(R) Core(TM) i3-8100 CPU @ 3.60GHz, CPU family: x86_64, GPU: Intel(R) Gen9 HD Graphics, RAM size: 32757916 kB, OS family: Linux, OS version: Linux-5.3.0-51-generic-x86_64-with-Ubuntu-18.04-bionic, Python version: 3.6.9;1.357;0;5.897
Success;Object detection;ssd512;PASCAL VOC;Caffe;OpenVINO DLDT;1x3x512x512;FP32;1;Sync;Device: CPU, Iteration count: 1000;CPU: Intel(R) Core(TM) i3-8100 CPU @ 3.60GHz, CPU family: x86_64, GPU: Intel(R) Gen9 HD Graphics, RAM size: 32757916 kB, OS family: Linux, OS version: Linux-5.3.0-51-generic-x86_64-with-Ubuntu-18.04-bionic, Python version: 3.6.9;0.458;0.457;2.186
Success;Object detection;ssd512;PASCAL VOC;Caffe;OpenVINO DLDT;1x3x512x512;FP32;8;Sync;Device: CPU, Iteration count: 1000;CPU: Intel(R) Core(TM) i3-8100 CPU @ 3.60GHz, CPU family: x86_64, GPU: Intel(R) Gen9 HD Graphics, RAM size: 32757916 kB, OS family: Linux, OS version: Linux-5.3.0-51-generic-x86_64-with-Ubuntu-18.04-bionic, Python version: 3.6.9;3.675;3.675;2.177
Success;Object detection;ssd512;PASCAL VOC;Caffe;OpenVINO DLDT;1x3x512x512;FP32;1;Sync;Device: GPU, Iteration count: 1000;CPU: Intel(R) Core(TM) i3-8100 CPU @ 3.60GHz, CPU family: x86_64, GPU: Intel(R) Gen9 HD Graphics, RAM size: 32757916 kB, OS family: Linux, OS version: Linux-5.3.0-51-generic-x86_64-with-Ubuntu-18.04-bionic, Python version: 3.6.9;0.52;0.52;1.922
Success;Object detection;ssd512;PASCAL VOC;Caffe;OpenVINO DLDT;1x3x512x512;FP32;8;Sync;Device: GPU, Iteration count: 1000;CPU: Intel(R) Core(TM) i3-8100 CPU @ 3.60GHz, CPU family: x86_64, GPU: Intel(R) Gen9 HD Graphics, RAM size: 32757916 kB, OS family: Linux, OS version: Linux-5.3.0-51-generic-x86_64-with-Ubuntu-18.04-bionic, Python version: 3.6.9;4.378;4.377;1.828
Success;Object detection;ssd512;PASCAL VOC;Caffe;OpenVINO DLDT;1x3x512x512;FP32;1;Async;Device: CPU, Iteration count: 1000;CPU: Intel(R) Core(TM) i3-8100 CPU @ 3.60GHz, CPU family: x86_64, GPU: Intel(R) Gen9 HD Graphics, RAM size: 32757916 kB, OS family: Linux, OS version: Linux-5.3.0-51-generic-x86_64-with-Ubuntu-18.04-bionic, Python version: 3.6.9;0.485;0;2.062
Success;Object detection;ssd512;PASCAL VOC;Caffe;OpenVINO DLDT;1x3x512x512;FP32;8;Async;Device: CPU, Iteration count: 1000;CPU: Intel(R) Core(TM) i3-8100 CPU @ 3.60GHz, CPU family: x86_64, GPU: Intel(R) Gen9 HD Graphics, RAM size: 32757916 kB, OS family: Linux, OS version: Linux-5.3.0-51-generic-x86_64-with-Ubuntu-18.04-bionic, Python version: 3.6.9;לאנ.92;0;2.041
Success;Classification;alexnet;ImageNET;Caffe;OpenVINO DLDT;1x3x227x227;FP16;1;Sync;Device: GPU, Iteration count: 1000;CPU: Intel(R) Core(TM) i3-8100 CPU @ 3.60GHz, CPU family: x86_64, GPU: Intel(R) Gen9 HD Graphics, RAM size: 32757916 kB, OS family: Linux, OS version: Linux-5.3.0-51-generic-x86_64-with-Ubuntu-18.04-bionic, Python version: 3.6.9;0.009;0.007;146.731
Success;Classification;alexnet;ImageNET;Caffe;OpenVINO DLDT;1x3x227x227;FP16;8;Sync;Device: GPU, Iteration count: 1000;CPU: Intel(R) Core(TM) i3-8100 CPU @ 3.60GHz, CPU family: x86_64, GPU: Intel(R) Gen9 HD Graphics, RAM size: 32757916 kB, OS family: Linux, OS version: Linux-5.3.0-51-generic-x86_64-with-Ubuntu-18.04-bionic, Python version: 3.6.9;0.029;0.029;275.836
Success;Classification;caffenet;ImageNET;Caffe;OpenVINO DLDT;1x3x227x227;FP16;1;Sync;Device: GPU, Iteration count: 1000;CPU: Intel(R) Core(TM) i3-8100 CPU @ 3.60GHz, CPU family: x86_64, GPU: Intel(R) Gen9 HD Graphics, RAM size: 32757916 kB, OS family: Linux, OS version: Linux-5.3.0-51-generic-x86_64-with-Ubuntu-18.04-bionic, Python version: 3.6.9;0.007;0.007;149.45
Success;Classification;caffenet;ImageNET;Caffe;OpenVINO DLDT;1x3x227x227;FP16;8;Sync;Device: GPU, Iteration count: 1000;CPU: Intel(R) Core(TM) i3-8100 CPU @ 3.60GHz, CPU family: x86_64, GPU: Intel(R) Gen9 HD Graphics, RAM size: 32757916 kB, OS family: Linux, OS version: Linux-5.3.0-51-generic-x86_64-with-Ubuntu-18.04-bionic, Python version: 3.6.9;0.028;0.028;282.521
Success;Classification;densenet-121;ImageNET;Caffe;OpenVINO DLDT;1x3x224x224;FP16;1;Sync;Device: GPU, Iteration count: 1000;CPU: Intel(R) Core(TM) i3-8100 CPU @ 3.60GHz, CPU family: x86_64, GPU: Intel(R) Gen9 HD Graphics, RAM size: 32757916 kB, OS family: Linux, OS version: Linux-5.3.0-51-generic-x86_64-with-Ubuntu-18.04-bionic, Python version: 3.6.9;0.019;0.019;53.569
Success;Classification;densenet-121;ImageNET;Caffe;OpenVINO DLDT;1x3x224x224;FP16;8;Sync;Device: GPU, Iteration count: 1000;CPU: Intel(R) Core(TM) i3-8100 CPU @ 3.60GHz, CPU family: x86_64, GPU: Intel(R) Gen9 HD Graphics, RAM size: 32757916 kB, OS family: Linux, OS version: Linux-5.3.0-51-generic-x86_64-with-Ubuntu-18.04-bionic, Python version: 3.6.9;0.11;0.11;72.453
Success;Classification;densenet-161;ImageNET;Caffe;OpenVINO DLDT;1x3x224x224;FP16;1;Sync;Device: GPU, Iteration count: 1000;CPU: Intel(R) Core(TM) i3-8100 CPU @ 3.60GHz, CPU family: x86_64, GPU: Intel(R) Gen9 HD Graphics, RAM size: 32757916 kB, OS family: Linux, OS version: Linux-5.3.0-51-generic-x86_64-with-Ubuntu-18.04-bionic, Python version: 3.6.9;0.039;0.039;25.366
Success;Classification;densenet-161;ImageNET;Caffe;OpenVINO DLDT;1x3x224x224;FP16;8;Sync;Device: GPU, Iteration count: 1000;CPU: Intel(R) Core(TM) i3-8100 CPU @ 3.60GHz, CPU family: x86_64, GPU: Intel(R) Gen9 HD Graphics, RAM size: 32757916 kB, OS family: Linux, OS version: Linux-5.3.0-51-generic-x86_64-with-Ubuntu-18.04-bionic, Python version: 3.6.9;0.315;0.315;25.39
Success;Classification;densenet-169;ImageNET;Caffe;OpenVINO DLDT;1x3x224x224;FP16;1;Sync;Device: GPU, Iteration count: 1000;CPU: Intel(R) Core(TM) i3-8100 CPU @ 3.60GHz, CPU family: x86_64, GPU: Intel(R) Gen9 HD Graphics, RAM size: 32757916 kB, OS family: Linux, OS version: Linux-5.3.0-51-generic-x86_64-with-Ubuntu-18.04-bionic, Python version: 3.6.9;0.024;0.024;41.594
Success;Classification;densenet-169;ImageNET;Caffe;OpenVINO DLDT;1x3x224x224;FP16;8;Sync;Device: GPU, Iteration count: 1000;CPU: Intel(R) Core(TM) i3-8100 CPU @ 3.60GHz, CPU family: x86_64, GPU: Intel(R) Gen9 HD Graphics, RAM size: 32757916 kB, OS family: Linux, OS version: Linux-5.3.0-51-generic-x86_64-with-Ubuntu-18.04-bionic, Python version: 3.6.9;0.136;0.136;58.922
Success;Classification;densenet-201;ImageNET;Caffe;OpenVINO DLDT;1x3x224x224;FP16;1;Sync;Device: GPU, Iteration count: 1000;CPU: Intel(R) Core(TM) i3-8100 CPU @ 3.60GHz, CPU family: x86_64, GPU: Intel(R) Gen9 HD Graphics, RAM size: 32757916 kB, OS family: Linux, OS version: Linux-5.3.0-51-generic-x86_64-with-Ubuntu-18.04-bionic, Python version: 3.6.9;0.031;0.031;32.38
Success;Classification;densenet-201;ImageNET;Caffe;OpenVINO DLDT;1x3x224x224;FP16;8;Sync;Device: GPU, Iteration count: 1000;CPU: Intel(R) Core(TM) i3-8100 CPU @ 3.60GHz, CPU family: x86_64, GPU: Intel(R) Gen9 HD Graphics, RAM size: 32757916 kB, OS family: Linux, OS version: Linux-5.3.0-51-generic-x86_64-with-Ubuntu-18.04-bionic, Python version: 3.6.9;0.175;0.175;45.761
Success;Semantic segmentation;deeplabv3;PASCAL VOC;TensorFlow;OpenVINO DLDT;1x3x513x513;FP16;1;Sync;Device: GPU, Iteration count: 1000;CPU: Intel(R) Core(TM) i3-8100 CPU @ 3.60GHz, CPU family: x86_64, GPU: Intel(R) Gen9 HD Graphics, RAM size: 32757916 kB, OS family: Linux, OS version: Linux-5.3.0-51-generic-x86_64-with-Ubuntu-18.04-bionic, Python version: 3.6.9;0.098;0.098;10.242
Success;Semantic segmentation;deeplabv3;PASCAL VOC;TensorFlow;OpenVINO DLDT;1x3x513x513;FP16;8;Sync;Device: GPU, Iteration count: 1000;CPU: Intel(R) Core(TM) i3-8100 CPU @ 3.60GHz, CPU family: x86_64, GPU: Intel(R) Gen9 HD Graphics, RAM size: 32757916 kB, OS family: Linux, OS version: Linux-5.3.0-51-generic-x86_64-with-Ubuntu-18.04-bionic, Python version: 3.6.9;0.388;0.388;20.636
Success;Object detection;ssd300;PASCAL VOC;Caffe;OpenVINO DLDT;1x3x300x300;FP16;1;Sync;Device: GPU, Iteration count: 1000;CPU: Intel(R) Core(TM) i3-8100 CPU @ 3.60GHz, CPU family: x86_64, GPU: Intel(R) Gen9 HD Graphics, RAM size: 32757916 kB, OS family: Linux, OS version: Linux-5.3.0-51-generic-x86_64-with-Ubuntu-18.04-bionic, Python version: 3.6.9;0.093;0.093;10.736
Success;Object detection;ssd300;PASCAL VOC;Caffe;OpenVINO DLDT;1x3x300x300;FP16;8;Sync;Device: GPU, Iteration count: 1000;CPU: Intel(R) Core(TM) i3-8100 CPU @ 3.60GHz, CPU family: x86_64, GPU: Intel(R) Gen9 HD Graphics, RAM size: 32757916 kB, OS family: Linux, OS version: Linux-5.3.0-51-generic-x86_64-with-Ubuntu-18.04-bionic, Python version: 3.6.9;0.898;0.898;8.907
Success;Object detection;ssd512;PASCAL VOC;Caffe;OpenVINO DLDT;1x3x512x512;FP16;1;Sync;Device: GPU, Iteration count: 1000;CPU: Intel(R) Core(TM) i3-8100 CPU @ 3.60GHz, CPU family: x86_64, GPU: Intel(R) Gen9 HD Graphics, RAM size: 32757916 kB, OS family: Linux, OS version: Linux-5.3.0-51-generic-x86_64-with-Ubuntu-18.04-bionic, Python version: 3.6.9;0.276;0.276;3.627
Success;Object detection;ssd512;PASCAL VOC;Caffe;OpenVINO DLDT;1x3x512x512;FP16;8;Sync;Device: GPU, Iteration count: 1000;CPU: Intel(R) Core(TM) i3-8100 CPU @ 3.60GHz, CPU family: x86_64, GPU: Intel(R) Gen9 HD Graphics, RAM size: 32757916 kB, OS family: Linux, OS version: Linux-5.3.0-51-generic-x86_64-with-Ubuntu-18.04-bionic, Python version: 3.6.9;2.379;2.379;3.363
Success;Classification;alexnet;ImageNET;Caffe;OpenVINO DLDT;1x3x227x227;FP32;1;Sync;Device: CPU, Iteration count: 1000;CPU: Intel(R) Core(TM) i7-8700 CPU @ 3.20GHz, CPU family: x86_64, GPU: Intel(R) Gen9 HD Graphics, RAM size: 65727564 kB, OS family: Linux, OS version: Linux-5.3.0-51-generic-x86_64-with-Ubuntu-18.04-bionic, Python version: 3.6.9;0.009;0.009;105.271
Success;Classification;alexnet;ImageNET;Caffe;OpenVINO DLDT;1x3x227x227;FP32;8;Sync;Device: CPU, Iteration count: 1000;CPU: Intel(R) Core(TM) i7-8700 CPU @ 3.20GHz, CPU family: x86_64, GPU: Intel(R) Gen9 HD Graphics, RAM size: 65727564 kB, OS family: Linux, OS version: Linux-5.3.0-51-generic-x86_64-with-Ubuntu-18.04-bionic, Python version: 3.6.9;0.03;0.03;269.161
Success;Classification;alexnet;ImageNET;Caffe;OpenVINO DLDT;1x3x227x227;FP32;1;Sync;Device: GPU, Iteration count: 1000;CPU: Intel(R) Core(TM) i7-8700 CPU @ 3.20GHz, CPU family: x86_64, GPU: Intel(R) Gen9 HD Graphics, RAM size: 65727564 kB, OS family: Linux, OS version: Linux-5.3.0-51-generic-x86_64-with-Ubuntu-18.04-bionic, Python version: 3.6.9;0.008;0.008;130.639
Success;Classification;alexnet;ImageNET;Caffe;OpenVINO DLDT;1x3x227x227;FP32;8;Sync;Device: GPU, Iteration count: 1000;CPU: Intel(R) Core(TM) i7-8700 CPU @ 3.20GHz, CPU family: x86_64, GPU: Intel(R) Gen9 HD Graphics, RAM size: 65727564 kB, OS family: Linux, OS version: Linux-5.3.0-51-generic-x86_64-with-Ubuntu-18.04-bionic, Python version: 3.6.9;0.041;0.041;195.132
Success;Classification;alexnet;ImageNET;Caffe;OpenVINO DLDT;1x3x227x227;FP32;1;Async;Device: CPU, Iteration count: 1000;CPU: Intel(R) Core(TM) i7-8700 CPU @ 3.20GHz, CPU family: x86_64, GPU: Intel(R) Gen9 HD Graphics, RAM size: 65727564 kB, OS family: Linux, OS version: Linux-5.3.0-51-generic-x86_64-with-Ubuntu-18.04-bionic, Python version: 3.6.9;0.007;0;141.572
Success;Classification;alexnet;ImageNET;Caffe;OpenVINO DLDT;1x3x227x227;FP32;8;Async;Device: CPU, Iteration count: 1000;CPU: Intel(R) Core(TM) i7-8700 CPU @ 3.20GHz, CPU family: x86_64, GPU: Intel(R) Gen9 HD Graphics, RAM size: 65727564 kB, OS family: Linux, OS version: Linux-5.3.0-51-generic-x86_64-with-Ubuntu-18.04-bionic, Python version: 3.6.9;0.027;0;296.86
Success;Classification;caffenet;ImageNET;Caffe;OpenVINO DLDT;1x3x227x227;FP32;1;Sync;Device: CPU, Iteration count: 1000;CPU: Intel(R) Core(TM) i7-8700 CPU @ 3.20GHz, CPU family: x86_64, GPU: Intel(R) Gen9 HD Graphics, RAM size: 65727564 kB, OS family: Linux, OS version: Linux-5.3.0-51-generic-x86_64-with-Ubuntu-18.04-bionic, Python version: 3.6.9;0.009;0.009;107.296
Success;Classification;caffenet;ImageNET;Caffe;OpenVINO DLDT;1x3x227x227;FP32;8;Sync;Device: CPU, Iteration count: 1000;CPU: Intel(R) Core(TM) i7-8700 CPU @ 3.20GHz, CPU family: x86_64, GPU: Intel(R) Gen9 HD Graphics, RAM size: 65727564 kB, OS family: Linux, OS version: Linux-5.3.0-51-generic-x86_64-with-Ubuntu-18.04-bionic, Python version: 3.6.9;0.029;0.029;276.98
Success;Classification;caffenet;ImageNET;Caffe;OpenVINO DLDT;1x3x227x227;FP32;1;Sync;Device: GPU, Iteration count: 1000;CPU: Intel(R) Core(TM) i7-8700 CPU @ 3.20GHz, CPU family: x86_64, GPU: Intel(R) Gen9 HD Graphics, RAM size: 65727564 kB, OS family: Linux, OS version: Linux-5.3.0-51-generic-x86_64-with-Ubuntu-18.04-bionic, Python version: 3.6.9;0.008;0.008;132.121
Success;Classification;caffenet;ImageNET;Caffe;OpenVINO DLDT;1x3x227x227;FP32;8;Sync;Device: GPU, Iteration count: 1000;CPU: Intel(R) Core(TM) i7-8700 CPU @ 3.20GHz, CPU family: x86_64, GPU: Intel(R) Gen9 HD Graphics, RAM size: 65727564 kB, OS family: Linux, OS version: Linux-5.3.0-51-generic-x86_64-with-Ubuntu-18.04-bionic, Python version: 3.6.9;0.04;0.04;199.374
Success;Classification;caffenet;ImageNET;Caffe;OpenVINO DLDT;1x3x227x227;FP32;1;Async;Device: CPU, Iteration count: 1000;CPU: Intel(R) Core(TM) i7-8700 CPU @ 3.20GHz, CPU family: x86_64, GPU: Intel(R) Gen9 HD Graphics, RAM size: 65727564 kB, OS family: Linux, OS version: Linux-5.3.0-51-generic-x86_64-with-Ubuntu-18.04-bionic, Python version: 3.6.9;0.007;0;142.946
Success;Classification;caffenet;ImageNET;Caffe;OpenVINO DLDT;1x3x227x227;FP32;8;Async;Device: CPU, Iteration count: 1000;CPU: Intel(R) Core(TM) i7-8700 CPU @ 3.20GHz, CPU family: x86_64, GPU: Intel(R) Gen9 HD Graphics, RAM size: 65727564 kB, OS family: Linux, OS version: Linux-5.3.0-51-generic-x86_64-with-Ubuntu-18.04-bionic, Python version: 3.6.9;0.027;0;293.387
Success;Classification;densenet-121;ImageNET;Caffe;OpenVINO DLDT;1x3x224x224;FP32;1;Sync;Device: CPU, Iteration count: 1000;CPU: Intel(R) Core(TM) i7-8700 CPU @ 3.20GHz, CPU family: x86_64, GPU: Intel(R) Gen9 HD Graphics, RAM size: 65727564 kB, OS family: Linux, OS version: Linux-5.3.0-51-generic-x86_64-with-Ubuntu-18.04-bionic, Python version: 3.6.9;0.011;0.011;87.086
Success;Classification;densenet-121;ImageNET;Caffe;OpenVINO DLDT;1x3x224x224;FP32;8;Sync;Device: CPU, Iteration count: 1000;CPU: Intel(R) Core(TM) i7-8700 CPU @ 3.20GHz, CPU family: x86_64, GPU: Intel(R) Gen9 HD Graphics, RAM size: 65727564 kB, OS family: Linux, OS version: Linux-5.3.0-51-generic-x86_64-with-Ubuntu-18.04-bionic, Python version: 3.6.9;0.115;0.115;69.324
Success;Classification;densenet-121;ImageNET;Caffe;OpenVINO DLDT;1x3x224x224;FP32;1;Sync;Device: GPU, Iteration count: 1000;CPU: Intel(R) Core(TM) i7-8700 CPU @ 3.20GHz, CPU family: x86_64, GPU: Intel(R) Gen9 HD Graphics, RAM size: 65727564 kB, OS family: Linux, OS version: Linux-5.3.0-51-generic-x86_64-with-Ubuntu-18.04-bionic, Python version: 3.6.9;0.025;0.025;40.748
Success;Classification;densenet-121;ImageNET;Caffe;OpenVINO DLDT;1x3x224x224;FP32;8;Sync;Device: GPU, Iteration count: 1000;CPU: Intel(R) Core(TM) i7-8700 CPU @ 3.20GHz, CPU family: x86_64, GPU: Intel(R) Gen9 HD Graphics, RAM size: 65727564 kB, OS family: Linux, OS version: Linux-5.3.0-51-generic-x86_64-with-Ubuntu-18.04-bionic, Python version: 3.6.9;0.157;0.157;50.941
Success;Classification;densenet-121;ImageNET;Caffe;OpenVINO DLDT;1x3x224x224;FP32;1;Async;Device: CPU, Iteration count: 1000;CPU: Intel(R) Core(TM) i7-8700 CPU @ 3.20GHz, CPU family: x86_64, GPU: Intel(R) Gen9 HD Graphics, RAM size: 65727564 kB, OS family: Linux, OS version: Linux-5.3.0-51-generic-x86_64-with-Ubuntu-18.04-bionic, Python version: 3.6.9;0.01;0;98.093
Success;Classification;densenet-121;ImageNET;Caffe;OpenVINO DLDT;1x3x224x224;FP32;8;Async;Device: CPU, Iteration count: 1000;CPU: Intel(R) Core(TM) i7-8700 CPU @ 3.20GHz, CPU family: x86_64, GPU: Intel(R) Gen9 HD Graphics, RAM size: 65727564 kB, OS family: Linux, OS version: Linux-5.3.0-51-generic-x86_64-with-Ubuntu-18.04-bionic, Python version: 3.6.9;0.121;0;66.15
Success;Classification;densenet-161;ImageNET;Caffe;OpenVINO DLDT;1x3x224x224;FP32;1;Sync;Device: CPU, Iteration count: 1000;CPU: Intel(R) Core(TM) i7-8700 CPU @ 3.20GHz, CPU family: x86_64, GPU: Intel(R) Gen9 HD Graphics, RAM size: 65727564 kB, OS family: Linux, OS version: Linux-5.3.0-51-generic-x86_64-with-Ubuntu-18.04-bionic, Python version: 3.6.9;0.032;0.032;31.459
Success;Classification;densenet-161;ImageNET;Caffe;OpenVINO DLDT;1x3x224x224;FP32;8;Sync;Device: CPU, Iteration count: 1000;CPU: Intel(R) Core(TM) i7-8700 CPU @ 3.20GHz, CPU family: x86_64, GPU: Intel(R) Gen9 HD Graphics, RAM size: 65727564 kB, OS family: Linux, OS version: Linux-5.3.0-51-generic-x86_64-with-Ubuntu-18.04-bionic, Python version: 3.6.9;0.305;0.305;26.252
Success;Classification;densenet-161;ImageNET;Caffe;OpenVINO DLDT;1x3x224x224;FP32;1;Sync;Device: GPU, Iteration count: 1000;CPU: Intel(R) Core(TM) i7-8700 CPU @ 3.20GHz, CPU family: x86_64, GPU: Intel(R) Gen9 HD Graphics, RAM size: 65727564 kB, OS family: Linux, OS version: Linux-5.3.0-51-generic-x86_64-with-Ubuntu-18.04-bionic, Python version: 3.6.9;0.056;0.056;17.79
Success;Classification;densenet-161;ImageNET;Caffe;OpenVINO DLDT;1x3x224x224;FP32;8;Sync;Device: GPU, Iteration count: 1000;CPU: Intel(R) Core(TM) i7-8700 CPU @ 3.20GHz, CPU family: x86_64, GPU: Intel(R) Gen9 HD Graphics, RAM size: 65727564 kB, OS family: Linux, OS version: Linux-5.3.0-51-generic-x86_64-with-Ubuntu-18.04-bionic, Python version: 3.6.9;0.403;0.403;19.849
Success;Classification;densenet-161;ImageNET;Caffe;OpenVINO DLDT;1x3x224x224;FP32;1;Async;Device: CPU, Iteration count: 1000;CPU: Intel(R) Core(TM) i7-8700 CPU @ 3.20GHz, CPU family: x86_64, GPU: Intel(R) Gen9 HD Graphics, RAM size: 65727564 kB, OS family: Linux, OS version: Linux-5.3.0-51-generic-x86_64-with-Ubuntu-18.04-bionic, Python version: 3.6.9;0.029;0;34.127
Success;Classification;densenet-161;ImageNET;Caffe;OpenVINO DLDT;1x3x224x224;FP32;8;Async;Device: CPU, Iteration count: 1000;CPU: Intel(R) Core(TM) i7-8700 CPU @ 3.20GHz, CPU family: x86_64, GPU: Intel(R) Gen9 HD Graphics, RAM size: 65727564 kB, OS family: Linux, OS version: Linux-5.3.0-51-generic-x86_64-with-Ubuntu-18.04-bionic, Python version: 3.6.9;0.296;0;27.027
Success;Classification;densenet-169;ImageNET;Caffe;OpenVINO DLDT;1x3x224x224;FP32;1;Sync;Device: CPU, Iteration count: 1000;CPU: Intel(R) Core(TM) i7-8700 CPU @ 3.20GHz, CPU family: x86_64, GPU: Intel(R) Gen9 HD Graphics, RAM size: 65727564 kB, OS family: Linux, OS version: Linux-5.3.0-51-generic-x86_64-with-Ubuntu-18.04-bionic, Python version: 3.6.9;0.014;0.014;69.259
Success;Classification;densenet-169;ImageNET;Caffe;OpenVINO DLDT;1x3x224x224;FP32;8;Sync;Device: CPU, Iteration count: 1000;CPU: Intel(R) Core(TM) i7-8700 CPU @ 3.20GHz, CPU family: x86_64, GPU: Intel(R) Gen9 HD Graphics, RAM size: 65727564 kB, OS family: Linux, OS version: Linux-5.3.0-51-generic-x86_64-with-Ubuntu-18.04-bionic, Python version: 3.6.9;0.14;0.14;57.068
Success;Classification;densenet-169;ImageNET;Caffe;OpenVINO DLDT;1x3x224x224;FP32;1;Sync;Device: GPU, Iteration count: 1000;CPU: Intel(R) Core(TM) i7-8700 CPU @ 3.20GHz, CPU family: x86_64, GPU: Intel(R) Gen9 HD Graphics, RAM size: 65727564 kB, OS family: Linux, OS version: Linux-5.3.0-51-generic-x86_64-with-Ubuntu-18.04-bionic, Python version: 3.6.9;0.031;0.031;32.149
Success;Classification;densenet-169;ImageNET;Caffe;OpenVINO DLDT;1x3x224x224;FP32;8;Sync;Device: GPU, Iteration count: 1000;CPU: Intel(R) Core(TM) i7-8700 CPU @ 3.20GHz, CPU family: x86_64, GPU: Intel(R) Gen9 HD Graphics, RAM size: 65727564 kB, OS family: Linux, OS version: Linux-5.3.0-51-generic-x86_64-with-Ubuntu-18.04-bionic, Python version: 3.6.9;0.191;0.191;41.936
Success;Classification;densenet-169;ImageNET;Caffe;OpenVINO DLDT;1x3x224x224;FP32;1;Async;Device: CPU, Iteration count: 1000;CPU: Intel(R) Core(TM) i7-8700 CPU @ 3.20GHz, CPU family: x86_64, GPU: Intel(R) Gen9 HD Graphics, RAM size: 65727564 kB, OS family: Linux, OS version: Linux-5.3.0-51-generic-x86_64-with-Ubuntu-18.04-bionic, Python version: 3.6.9;0.012;0;80.429
Success;Classification;densenet-169;ImageNET;Caffe;OpenVINO DLDT;1x3x224x224;FP32;8;Async;Device: CPU, Iteration count: 1000;CPU: Intel(R) Core(TM) i7-8700 CPU @ 3.20GHz, CPU family: x86_64, GPU: Intel(R) Gen9 HD Graphics, RAM size: 65727564 kB, OS family: Linux, OS version: Linux-5.3.0-51-generic-x86_64-with-Ubuntu-18.04-bionic, Python version: 3.6.9;0.15;0;53.268
Success;Classification;densenet-201;ImageNET;Caffe;OpenVINO DLDT;1x3x224x224;FP32;1;Sync;Device: CPU, Iteration count: 1000;CPU: Intel(R) Core(TM) i7-8700 CPU @ 3.20GHz, CPU family: x86_64, GPU: Intel(R) Gen9 HD Graphics, RAM size: 65727564 kB, OS family: Linux, OS version: Linux-5.3.0-51-generic-x86_64-with-Ubuntu-18.04-bionic, Python version: 3.6.9;0.019;0.019;53.564
Success;Classification;densenet-201;ImageNET;Caffe;OpenVINO DLDT;1x3x224x224;FP32;8;Sync;Device: CPU, Iteration count: 1000;CPU: Intel(R) Core(TM) i7-8700 CPU @ 3.20GHz, CPU family: x86_64, GPU: Intel(R) Gen9 HD Graphics, RAM size: 65727564 kB, OS family: Linux, OS version: Linux-5.3.0-51-generic-x86_64-with-Ubuntu-18.04-bionic, Python version: 3.6.9;0.19;0.19;42.157
Success;Classification;densenet-201;ImageNET;Caffe;OpenVINO DLDT;1x3x224x224;FP32;1;Sync;Device: GPU, Iteration count: 1000;CPU: Intel(R) Core(TM) i7-8700 CPU @ 3.20GHz, CPU family: x86_64, GPU: Intel(R) Gen9 HD Graphics, RAM size: 65727564 kB, OS family: Linux, OS version: Linux-5.3.0-51-generic-x86_64-with-Ubuntu-18.04-bionic, Python version: 3.6.9;0.04;0.04;25.283
Success;Classification;densenet-201;ImageNET;Caffe;OpenVINO DLDT;1x3x224x224;FP32;8;Sync;Device: GPU, Iteration count: 1000;CPU: Intel(R) Core(TM) i7-8700 CPU @ 3.20GHz, CPU family: x86_64, GPU: Intel(R) Gen9 HD Graphics, RAM size: 65727564 kB, OS family: Linux, OS version: Linux-5.3.0-51-generic-x86_64-with-Ubuntu-18.04-bionic, Python version: 3.6.9;0.245;0.244;32.721
Success;Classification;densenet-201;ImageNET;Caffe;OpenVINO DLDT;1x3x224x224;FP32;1;Async;Device: CPU, Iteration count: 1000;CPU: Intel(R) Core(TM) i7-8700 CPU @ 3.20GHz, CPU family: x86_64, GPU: Intel(R) Gen9 HD Graphics, RAM size: 65727564 kB, OS family: Linux, OS version: Linux-5.3.0-51-generic-x86_64-with-Ubuntu-18.04-bionic, Python version: 3.6.9;0.016;0;63.078
Success;Classification;densenet-201;ImageNET;Caffe;OpenVINO DLDT;1x3x224x224;FP32;8;Async;Device: CPU, Iteration count: 1000;CPU: Intel(R) Core(TM) i7-8700 CPU @ 3.20GHz, CPU family: x86_64, GPU: Intel(R) Gen9 HD Graphics, RAM size: 65727564 kB, OS family: Linux, OS version: Linux-5.3.0-51-generic-x86_64-with-Ubuntu-18.04-bionic, Python version: 3.6.9;0.207;0;38.603
Success;Semantic segmentation;deeplabv3;PASCAL VOC;TensorFlow;OpenVINO DLDT;1x3x513x513;FP32;1;Sync;Device: CPU, Iteration count: 1000;CPU: Intel(R) Core(TM) i7-8700 CPU @ 3.20GHz, CPU family: x86_64, GPU: Intel(R) Gen9 HD Graphics, RAM size: 65727564 kB, OS family: Linux, OS version: Linux-5.3.0-51-generic-x86_64-with-Ubuntu-18.04-bionic, Python version: 3.6.9;0.041;0.041;24.398
Success;Semantic segmentation;deeplabv3;PASCAL VOC;TensorFlow;OpenVINO DLDT;1x3x513x513;FP32;8;Sync;Device: CPU, Iteration count: 1000;CPU: Intel(R) Core(TM) i7-8700 CPU @ 3.20GHz, CPU family: x86_64, GPU: Intel(R) Gen9 HD Graphics, RAM size: 65727564 kB, OS family: Linux, OS version: Linux-5.3.0-51-generic-x86_64-with-Ubuntu-18.04-bionic, Python version: 3.6.9;0.372;0.372;21.508
Success;Semantic segmentation;deeplabv3;PASCAL VOC;TensorFlow;OpenVINO DLDT;1x3x513x513;FP32;1;Sync;Device: GPU, Iteration count: 1000;CPU: Intel(R) Core(TM) i7-8700 CPU @ 3.20GHz, CPU family: x86_64, GPU: Intel(R) Gen9 HD Graphics, RAM size: 65727564 kB, OS family: Linux, OS version: Linux-5.3.0-51-generic-x86_64-with-Ubuntu-18.04-bionic, Python version: 3.6.9;0.107;0.107;9.345
Success;Semantic segmentation;deeplabv3;PASCAL VOC;TensorFlow;OpenVINO DLDT;1x3x513x513;FP32;8;Sync;Device: GPU, Iteration count: 1000;CPU: Intel(R) Core(TM) i7-8700 CPU @ 3.20GHz, CPU family: x86_64, GPU: Intel(R) Gen9 HD Graphics, RAM size: 65727564 kB, OS family: Linux, OS version: Linux-5.3.0-51-generic-x86_64-with-Ubuntu-18.04-bionic, Python version: 3.6.9;0.939;0.939;8.523
Success;Semantic segmentation;deeplabv3;PASCAL VOC;TensorFlow;OpenVINO DLDT;1x3x513x513;FP32;1;Async;Device: CPU, Iteration count: 1000;CPU: Intel(R) Core(TM) i7-8700 CPU @ 3.20GHz, CPU family: x86_64, GPU: Intel(R) Gen9 HD Graphics, RAM size: 65727564 kB, OS family: Linux, OS version: Linux-5.3.0-51-generic-x86_64-with-Ubuntu-18.04-bionic, Python version: 3.6.9;0.042;0;23.959
Success;Semantic segmentation;deeplabv3;PASCAL VOC;TensorFlow;OpenVINO DLDT;1x3x513x513;FP32;8;Async;Device: CPU, Iteration count: 1000;CPU: Intel(R) Core(TM) i7-8700 CPU @ 3.20GHz, CPU family: x86_64, GPU: Intel(R) Gen9 HD Graphics, RAM size: 65727564 kB, OS family: Linux, OS version: Linux-5.3.0-51-generic-x86_64-with-Ubuntu-18.04-bionic, Python version: 3.6.9;0.344;0;23.233
Success;Object detection;ssd300;PASCAL VOC;Caffe;OpenVINO DLDT;1x3x300x300;FP32;1;Sync;Device: CPU, Iteration count: 1000;CPU: Intel(R) Core(TM) i7-8700 CPU @ 3.20GHz, CPU family: x86_64, GPU: Intel(R) Gen9 HD Graphics, RAM size: 65727564 kB, OS family: Linux, OS version: Linux-5.3.0-51-generic-x86_64-with-Ubuntu-18.04-bionic, Python version: 3.6.9;0.097;0.097;10.313
Success;Object detection;ssd300;PASCAL VOC;Caffe;OpenVINO DLDT;1x3x300x300;FP32;8;Sync;Device: CPU, Iteration count: 1000;CPU: Intel(R) Core(TM) i7-8700 CPU @ 3.20GHz, CPU family: x86_64, GPU: Intel(R) Gen9 HD Graphics, RAM size: 65727564 kB, OS family: Linux, OS version: Linux-5.3.0-51-generic-x86_64-with-Ubuntu-18.04-bionic, Python version: 3.6.9;0.78;0.78;10.261
Success;Object detection;ssd300;PASCAL VOC;Caffe;OpenVINO DLDT;1x3x300x300;FP32;1;Sync;Device: GPU, Iteration count: 1000;CPU: Intel(R) Core(TM) i7-8700 CPU @ 3.20GHz, CPU family: x86_64, GPU: Intel(R) Gen9 HD Graphics, RAM size: 65727564 kB, OS family: Linux, OS version: Linux-5.3.0-51-generic-x86_64-with-Ubuntu-18.04-bionic, Python version: 3.6.9;0.174;0.174;5.731
Success;Object detection;ssd300;PASCAL VOC;Caffe;OpenVINO DLDT;1x3x300x300;FP32;8;Sync;Device: GPU, Iteration count: 1000;CPU: Intel(R) Core(TM) i7-8700 CPU @ 3.20GHz, CPU family: x86_64, GPU: Intel(R) Gen9 HD Graphics, RAM size: 65727564 kB, OS family: Linux, OS version: Linux-5.3.0-51-generic-x86_64-with-Ubuntu-18.04-bionic, Python version: 3.6.9;םג.35;1.351;5.924
Success;Object detection;ssd300;PASCAL VOC;Caffe;OpenVINO DLDT;1x3x300x300;FP32;1;Async;Device: CPU, Iteration count: 1000;CPU: Intel(R) Core(TM) i7-8700 CPU @ 3.20GHz, CPU family: x86_64, GPU: Intel(R) Gen9 HD Graphics, RAM size: 65727564 kB, OS family: Linux, OS version: Linux-5.3.0-51-generic-x86_64-with-Ubuntu-18.04-bionic, Python version: 3.6.9;0.098;0;10.226
Success;Object detection;ssd300;PASCAL VOC;Caffe;OpenVINO DLDT;1x3x300x300;FP32;8;Async;Device: CPU, Iteration count: 1000;CPU: Intel(R) Core(TM) i7-8700 CPU @ 3.20GHz, CPU family: x86_64, GPU: Intel(R) Gen9 HD Graphics, RAM size: 65727564 kB, OS family: Linux, OS version: Linux-5.3.0-51-generic-x86_64-with-Ubuntu-18.04-bionic, Python version: 3.6.9;0.785;0;10.192
Success;Object detection;ssd512;PASCAL VOC;Caffe;OpenVINO DLDT;1x3x512x512;FP32;1;Sync;Device: CPU, Iteration count: 1000;CPU: Intel(R) Core(TM) i7-8700 CPU @ 3.20GHz, CPU family: x86_64, GPU: Intel(R) Gen9 HD Graphics, RAM size: 65727564 kB, OS family: Linux, OS version: Linux-5.3.0-51-generic-x86_64-with-Ubuntu-18.04-bionic, Python version: 3.6.9;0.282;0.282;3.546
Success;Object detection;ssd512;PASCAL VOC;Caffe;OpenVINO DLDT;1x3x512x512;FP32;8;Sync;Device: CPU, Iteration count: 1000;CPU: Intel(R) Core(TM) i7-8700 CPU @ 3.20GHz, CPU family: x86_64, GPU: Intel(R) Gen9 HD Graphics, RAM size: 65727564 kB, OS family: Linux, OS version: Linux-5.3.0-51-generic-x86_64-with-Ubuntu-18.04-bionic, Python version: 3.6.9;2.279;2.279;3.511
Success;Object detection;ssd512;PASCAL VOC;Caffe;OpenVINO DLDT;1x3x512x512;FP32;1;Sync;Device: GPU, Iteration count: 1000;CPU: Intel(R) Core(TM) i7-8700 CPU @ 3.20GHz, CPU family: x86_64, GPU: Intel(R) Gen9 HD Graphics, RAM size: 65727564 kB, OS family: Linux, OS version: Linux-5.3.0-51-generic-x86_64-with-Ubuntu-18.04-bionic, Python version: 3.6.9;0.455;0.455;2.198
Success;Object detection;ssd512;PASCAL VOC;Caffe;OpenVINO DLDT;1x3x512x512;FP32;8;Sync;Device: GPU, Iteration count: 1000;CPU: Intel(R) Core(TM) i7-8700 CPU @ 3.20GHz, CPU family: x86_64, GPU: Intel(R) Gen9 HD Graphics, RAM size: 65727564 kB, OS family: Linux, OS version: Linux-5.3.0-51-generic-x86_64-with-Ubuntu-18.04-bionic, Python version: 3.6.9;3.842;3.842;2.082
Success;Object detection;ssd512;PASCAL VOC;Caffe;OpenVINO DLDT;1x3x512x512;FP32;1;Async;Device: CPU, Iteration count: 1000;CPU: Intel(R) Core(TM) i7-8700 CPU @ 3.20GHz, CPU family: x86_64, GPU: Intel(R) Gen9 HD Graphics, RAM size: 65727564 kB, OS family: Linux, OS version: Linux-5.3.0-51-generic-x86_64-with-Ubuntu-18.04-bionic, Python version: 3.6.9;0.284;0;3.516
Success;Object detection;ssd512;PASCAL VOC;Caffe;OpenVINO DLDT;1x3x512x512;FP32;8;Async;Device: CPU, Iteration count: 1000;CPU: Intel(R) Core(TM) i7-8700 CPU @ 3.20GHz, CPU family: x86_64, GPU: Intel(R) Gen9 HD Graphics, RAM size: 65727564 kB, OS family: Linux, OS version: Linux-5.3.0-51-generic-x86_64-with-Ubuntu-18.04-bionic, Python version: 3.6.9;2.283;0;3.503
Success;Classification;alexnet;ImageNET;Caffe;OpenVINO DLDT;1x3x227x227;FP16;1;Sync;Device: GPU, Iteration count: 1000;CPU: Intel(R) Core(TM) i7-8700 CPU @ 3.20GHz, CPU family: x86_64, GPU: Intel(R) Gen9 HD Graphics, RAM size: 65727564 kB, OS family: Linux, OS version: Linux-5.3.0-51-generic-x86_64-with-Ubuntu-18.04-bionic, Python version: 3.6.9;0.006;0.006;178.686
Success;Classification;alexnet;ImageNET;Caffe;OpenVINO DLDT;1x3x227x227;FP16;8;Sync;Device: GPU, Iteration count: 1000;CPU: Intel(R) Core(TM) i7-8700 CPU @ 3.20GHz, CPU family: x86_64, GPU: Intel(R) Gen9 HD Graphics, RAM size: 65727564 kB, OS family: Linux, OS version: Linux-5.3.0-51-generic-x86_64-with-Ubuntu-18.04-bionic, Python version: 3.6.9;0.026;0.026;310.976
Success;Classification;caffenet;ImageNET;Caffe;OpenVINO DLDT;1x3x227x227;FP16;1;Sync;Device: GPU, Iteration count: 1000;CPU: Intel(R) Core(TM) i7-8700 CPU @ 3.20GHz, CPU family: x86_64, GPU: Intel(R) Gen9 HD Graphics, RAM size: 65727564 kB, OS family: Linux, OS version: Linux-5.3.0-51-generic-x86_64-with-Ubuntu-18.04-bionic, Python version: 3.6.9;0.006;0.006;180.152
Success;Classification;caffenet;ImageNET;Caffe;OpenVINO DLDT;1x3x227x227;FP16;8;Sync;Device: GPU, Iteration count: 1000;CPU: Intel(R) Core(TM) i7-8700 CPU @ 3.20GHz, CPU family: x86_64, GPU: Intel(R) Gen9 HD Graphics, RAM size: 65727564 kB, OS family: Linux, OS version: Linux-5.3.0-51-generic-x86_64-with-Ubuntu-18.04-bionic, Python version: 3.6.9;0.025;0.025;317.012
Success;Classification;densenet-121;ImageNET;Caffe;OpenVINO DLDT;1x3x224x224;FP16;1;Sync;Device: GPU, Iteration count: 1000;CPU: Intel(R) Core(TM) i7-8700 CPU @ 3.20GHz, CPU family: x86_64, GPU: Intel(R) Gen9 HD Graphics, RAM size: 65727564 kB, OS family: Linux, OS version: Linux-5.3.0-51-generic-x86_64-with-Ubuntu-18.04-bionic, Python version: 3.6.9;0.017;0.017;59.769
Success;Classification;densenet-121;ImageNET;Caffe;OpenVINO DLDT;1x3x224x224;FP16;8;Sync;Device: GPU, Iteration count: 1000;CPU: Intel(R) Core(TM) i7-8700 CPU @ 3.20GHz, CPU family: x86_64, GPU: Intel(R) Gen9 HD Graphics, RAM size: 65727564 kB, OS family: Linux, OS version: Linux-5.3.0-51-generic-x86_64-with-Ubuntu-18.04-bionic, Python version: 3.6.9;0.099;0.099;81.17
Success;Classification;densenet-161;ImageNET;Caffe;OpenVINO DLDT;1x3x224x224;FP16;1;Sync;Device: GPU, Iteration count: 1000;CPU: Intel(R) Core(TM) i7-8700 CPU @ 3.20GHz, CPU family: x86_64, GPU: Intel(R) Gen9 HD Graphics, RAM size: 65727564 kB, OS family: Linux, OS version: Linux-5.3.0-51-generic-x86_64-with-Ubuntu-18.04-bionic, Python version: 3.6.9;0.035;0.035;28.923
Success;Classification;densenet-161;ImageNET;Caffe;OpenVINO DLDT;1x3x224x224;FP16;8;Sync;Device: GPU, Iteration count: 1000;CPU: Intel(R) Core(TM) i7-8700 CPU @ 3.20GHz, CPU family: x86_64, GPU: Intel(R) Gen9 HD Graphics, RAM size: 65727564 kB, OS family: Linux, OS version: Linux-5.3.0-51-generic-x86_64-with-Ubuntu-18.04-bionic, Python version: 3.6.9;0.278;0.278;28.733
Success;Classification;densenet-169;ImageNET;Caffe;OpenVINO DLDT;1x3x224x224;FP16;1;Sync;Device: GPU, Iteration count: 1000;CPU: Intel(R) Core(TM) i7-8700 CPU @ 3.20GHz, CPU family: x86_64, GPU: Intel(R) Gen9 HD Graphics, RAM size: 65727564 kB, OS family: Linux, OS version: Linux-5.3.0-51-generic-x86_64-with-Ubuntu-18.04-bionic, Python version: 3.6.9;0.021;0.021;46.92
Success;Classification;densenet-169;ImageNET;Caffe;OpenVINO DLDT;1x3x224x224;FP16;8;Sync;Device: GPU, Iteration count: 1000;CPU: Intel(R) Core(TM) i7-8700 CPU @ 3.20GHz, CPU family: x86_64, GPU: Intel(R) Gen9 HD Graphics, RAM size: 65727564 kB, OS family: Linux, OS version: Linux-5.3.0-51-generic-x86_64-with-Ubuntu-18.04-bionic, Python version: 3.6.9;0.121;0.121;65.935
Success;Classification;densenet-201;ImageNET;Caffe;OpenVINO DLDT;1x3x224x224;FP16;1;Sync;Device: GPU, Iteration count: 1000;CPU: Intel(R) Core(TM) i7-8700 CPU @ 3.20GHz, CPU family: x86_64, GPU: Intel(R) Gen9 HD Graphics, RAM size: 65727564 kB, OS family: Linux, OS version: Linux-5.3.0-51-generic-x86_64-with-Ubuntu-18.04-bionic, Python version: 3.6.9;0.027;0.027;37.066
Success;Classification;densenet-201;ImageNET;Caffe;OpenVINO DLDT;1x3x224x224;FP16;8;Sync;Device: GPU, Iteration count: 1000;CPU: Intel(R) Core(TM) i7-8700 CPU @ 3.20GHz, CPU family: x86_64, GPU: Intel(R) Gen9 HD Graphics, RAM size: 65727564 kB, OS family: Linux, OS version: Linux-5.3.0-51-generic-x86_64-with-Ubuntu-18.04-bionic, Python version: 3.6.9;0.156;0.156;51.347
Success;Semantic segmentation;deeplabv3;PASCAL VOC;TensorFlow;OpenVINO DLDT;1x3x513x513;FP16;1;Sync;Device: GPU, Iteration count: 1000;CPU: Intel(R) Core(TM) i7-8700 CPU @ 3.20GHz, CPU family: x86_64, GPU: Intel(R) Gen9 HD Graphics, RAM size: 65727564 kB, OS family: Linux, OS version: Linux-5.3.0-51-generic-x86_64-with-Ubuntu-18.04-bionic, Python version: 3.6.9;0.086;0.086;11.605
Success;Semantic segmentation;deeplabv3;PASCAL VOC;TensorFlow;OpenVINO DLDT;1x3x513x513;FP16;8;Sync;Device: GPU, Iteration count: 1000;CPU: Intel(R) Core(TM) i7-8700 CPU @ 3.20GHz, CPU family: x86_64, GPU: Intel(R) Gen9 HD Graphics, RAM size: 65727564 kB, OS family: Linux, OS version: Linux-5.3.0-51-generic-x86_64-with-Ubuntu-18.04-bionic, Python version: 3.6.9;0.347;0.346;23.088
Success;Object detection;ssd300;PASCAL VOC;Caffe;OpenVINO DLDT;1x3x300x300;FP16;1;Sync;Device: GPU, Iteration count: 1000;CPU: Intel(R) Core(TM) i7-8700 CPU @ 3.20GHz, CPU family: x86_64, GPU: Intel(R) Gen9 HD Graphics, RAM size: 65727564 kB, OS family: Linux, OS version: Linux-5.3.0-51-generic-x86_64-with-Ubuntu-18.04-bionic, Python version: 3.6.9;0.081;0.081;12.317
Success;Object detection;ssd300;PASCAL VOC;Caffe;OpenVINO DLDT;1x3x300x300;FP16;8;Sync;Device: GPU, Iteration count: 1000;CPU: Intel(R) Core(TM) i7-8700 CPU @ 3.20GHz, CPU family: x86_64, GPU: Intel(R) Gen9 HD Graphics, RAM size: 65727564 kB, OS family: Linux, OS version: Linux-5.3.0-51-generic-x86_64-with-Ubuntu-18.04-bionic, Python version: 3.6.9;0.783;0.783;10.216
Success;Object detection;ssd512;PASCAL VOC;Caffe;OpenVINO DLDT;1x3x512x512;FP16;1;Sync;Device: GPU, Iteration count: 1000;CPU: Intel(R) Core(TM) i7-8700 CPU @ 3.20GHz, CPU family: x86_64, GPU: Intel(R) Gen9 HD Graphics, RAM size: 65727564 kB, OS family: Linux, OS version: Linux-5.3.0-51-generic-x86_64-with-Ubuntu-18.04-bionic, Python version: 3.6.9;0.239;0.239;4.182
Success;Object detection;ssd512;PASCAL VOC;Caffe;OpenVINO DLDT;1x3x512x512;FP16;8;Sync;Device: GPU, Iteration count: 1000;CPU: Intel(R) Core(TM) i7-8700 CPU @ 3.20GHz, CPU family: x86_64, GPU: Intel(R) Gen9 HD Graphics, RAM size: 65727564 kB, OS family: Linux, OS version: Linux-5.3.0-51-generic-x86_64-with-Ubuntu-18.04-bionic, Python version: 3.6.9;2.083;2.083;3.841
Success;Classification;alexnet;ImageNET;Caffe;OpenVINO DLDT;1x3x227x227;FP16;1;Async;Device: MYRIAD, Iteration count: 1000;CPU: Intel(R) Core(TM) i7-8700 CPU @ 3.20GHz, CPU family: x86_64, GPU: Intel(R) Gen9 HD Graphics, RAM size: 65727564 kB, OS family: Linux, OS version: Linux-5.3.0-51-generic-x86_64-with-Ubuntu-18.04-bionic, Python version: 3.6.9;0.017;0;60.268
Success;Classification;alexnet;ImageNET;Caffe;OpenVINO DLDT;1x3x227x227;FP16;8;Async;Device: MYRIAD, Iteration count: 1000;CPU: Intel(R) Core(TM) i7-8700 CPU @ 3.20GHz, CPU family: x86_64, GPU: Intel(R) Gen9 HD Graphics, RAM size: 65727564 kB, OS family: Linux, OS version: Linux-5.3.0-51-generic-x86_64-with-Ubuntu-18.04-bionic, Python version: 3.6.9;0.129;0;61.854
Success;Classification;caffenet;ImageNET;Caffe;OpenVINO DLDT;1x3x227x227;FP16;1;Async;Device: MYRIAD, Iteration count: 1000;CPU: Intel(R) Core(TM) i7-8700 CPU @ 3.20GHz, CPU family: x86_64, GPU: Intel(R) Gen9 HD Graphics, RAM size: 65727564 kB, OS family: Linux, OS version: Linux-5.3.0-51-generic-x86_64-with-Ubuntu-18.04-bionic, Python version: 3.6.9;0.017;0;60.266
Success;Classification;caffenet;ImageNET;Caffe;OpenVINO DLDT;1x3x227x227;FP16;8;Async;Device: MYRIAD, Iteration count: 1000;CPU: Intel(R) Core(TM) i7-8700 CPU @ 3.20GHz, CPU family: x86_64, GPU: Intel(R) Gen9 HD Graphics, RAM size: 65727564 kB, OS family: Linux, OS version: Linux-5.3.0-51-generic-x86_64-with-Ubuntu-18.04-bionic, Python version: 3.6.9;0.132;0;60.472
Success;Classification;densenet-121;ImageNET;Caffe;OpenVINO DLDT;1x3x224x224;FP16;1;Async;Device: MYRIAD, Iteration count: 1000;CPU: Intel(R) Core(TM) i7-8700 CPU @ 3.20GHz, CPU family: x86_64, GPU: Intel(R) Gen9 HD Graphics, RAM size: 65727564 kB, OS family: Linux, OS version: Linux-5.3.0-51-generic-x86_64-with-Ubuntu-18.04-bionic, Python version: 3.6.9;0.025;0;39.457
Success;Classification;densenet-121;ImageNET;Caffe;OpenVINO DLDT;1x3x224x224;FP16;8;Async;Device: MYRIAD, Iteration count: 1000;CPU: Intel(R) Core(TM) i7-8700 CPU @ 3.20GHz, CPU family: x86_64, GPU: Intel(R) Gen9 HD Graphics, RAM size: 65727564 kB, OS family: Linux, OS version: Linux-5.3.0-51-generic-x86_64-with-Ubuntu-18.04-bionic, Python version: 3.6.9;0.198;0;40.366
Success;Classification;densenet-161;ImageNET;Caffe;OpenVINO DLDT;1x3x224x224;FP16;1;Async;Device: MYRIAD, Iteration count: 1000;CPU: Intel(R) Core(TM) i7-8700 CPU @ 3.20GHz, CPU family: x86_64, GPU: Intel(R) Gen9 HD Graphics, RAM size: 65727564 kB, OS family: Linux, OS version: Linux-5.3.0-51-generic-x86_64-with-Ubuntu-18.04-bionic, Python version: 3.6.9;0.091;0;11.042
Success;Classification;densenet-161;ImageNET;Caffe;OpenVINO DLDT;1x3x224x224;FP16;8;Async;Device: MYRIAD, Iteration count: 1000;CPU: Intel(R) Core(TM) i7-8700 CPU @ 3.20GHz, CPU family: x86_64, GPU: Intel(R) Gen9 HD Graphics, RAM size: 65727564 kB, OS family: Linux, OS version: Linux-5.3.0-51-generic-x86_64-with-Ubuntu-18.04-bionic, Python version: 3.6.9;0.72;0;11.114
Success;Classification;densenet-169;ImageNET;Caffe;OpenVINO DLDT;1x3x224x224;FP16;1;Async;Device: MYRIAD, Iteration count: 1000;CPU: Intel(R) Core(TM) i7-8700 CPU @ 3.20GHz, CPU family: x86_64, GPU: Intel(R) Gen9 HD Graphics, RAM size: 65727564 kB, OS family: Linux, OS version: Linux-5.3.0-51-generic-x86_64-with-Ubuntu-18.04-bionic, Python version: 3.6.9;0.034;0;29.579
Success;Classification;densenet-169;ImageNET;Caffe;OpenVINO DLDT;1x3x224x224;FP16;8;Async;Device: MYRIAD, Iteration count: 1000;CPU: Intel(R) Core(TM) i7-8700 CPU @ 3.20GHz, CPU family: x86_64, GPU: Intel(R) Gen9 HD Graphics, RAM size: 65727564 kB, OS family: Linux, OS version: Linux-5.3.0-51-generic-x86_64-with-Ubuntu-18.04-bionic, Python version: 3.6.9;0.269;0;29.742
Success;Classification;densenet-201;ImageNET;Caffe;OpenVINO DLDT;1x3x224x224;FP16;1;Async;Device: MYRIAD, Iteration count: 1000;CPU: Intel(R) Core(TM) i7-8700 CPU @ 3.20GHz, CPU family: x86_64, GPU: Intel(R) Gen9 HD Graphics, RAM size: 65727564 kB, OS family: Linux, OS version: Linux-5.3.0-51-generic-x86_64-with-Ubuntu-18.04-bionic, Python version: 3.6.9;0.048;0;20.878
Success;Classification;densenet-201;ImageNET;Caffe;OpenVINO DLDT;1x3x224x224;FP16;8;Async;Device: MYRIAD, Iteration count: 1000;CPU: Intel(R) Core(TM) i7-8700 CPU @ 3.20GHz, CPU family: x86_64, GPU: Intel(R) Gen9 HD Graphics, RAM size: 65727564 kB, OS family: Linux, OS version: Linux-5.3.0-51-generic-x86_64-with-Ubuntu-18.04-bionic, Python version: 3.6.9;0.383;0;20.904
Success;Semantic segmentation;deeplabv3;PASCAL VOC;TensorFlow;OpenVINO DLDT;1x3x513x513;FP16;1;Async;Device: MYRIAD, Iteration count: 1000;CPU: Intel(R) Core(TM) i7-8700 CPU @ 3.20GHz, CPU family: x86_64, GPU: Intel(R) Gen9 HD Graphics, RAM size: 65727564 kB, OS family: Linux, OS version: Linux-5.3.0-51-generic-x86_64-with-Ubuntu-18.04-bionic, Python version: 3.6.9;0.319;0;3.134
Success;Semantic segmentation;deeplabv3;PASCAL VOC;TensorFlow;OpenVINO DLDT;1x3x513x513;FP16;8;Async;Device: MYRIAD, Iteration count: 1000;CPU: Intel(R) Core(TM) i7-8700 CPU @ 3.20GHz, CPU family: x86_64, GPU: Intel(R) Gen9 HD Graphics, RAM size: 65727564 kB, OS family: Linux, OS version: Linux-5.3.0-51-generic-x86_64-with-Ubuntu-18.04-bionic, Python version: 3.6.9;2.395;0;לאנ.34
Success;Object detection;ssd300;PASCAL VOC;Caffe;OpenVINO DLDT;1x3x300x300;FP16;1;Async;Device: MYRIAD, Iteration count: 1000;CPU: Intel(R) Core(TM) i7-8700 CPU @ 3.20GHz, CPU family: x86_64, GPU: Intel(R) Gen9 HD Graphics, RAM size: 65727564 kB, OS family: Linux, OS version: Linux-5.3.0-51-generic-x86_64-with-Ubuntu-18.04-bionic, Python version: 3.6.9;0.25;0;4.001
Success;Object detection;ssd300;PASCAL VOC;Caffe;OpenVINO DLDT;1x3x300x300;FP16;8;Async;Device: MYRIAD, Iteration count: 1000;CPU: Intel(R) Core(TM) i7-8700 CPU @ 3.20GHz, CPU family: x86_64, GPU: Intel(R) Gen9 HD Graphics, RAM size: 65727564 kB, OS family: Linux, OS version: Linux-5.3.0-51-generic-x86_64-with-Ubuntu-18.04-bionic, Python version: 3.6.9;2.0;0;4.0
Success;Object detection;ssd512;PASCAL VOC;Caffe;OpenVINO DLDT;1x3x512x512;FP16;1;Async;Device: MYRIAD, Iteration count: 1000;CPU: Intel(R) Core(TM) i7-8700 CPU @ 3.20GHz, CPU family: x86_64, GPU: Intel(R) Gen9 HD Graphics, RAM size: 65727564 kB, OS family: Linux, OS version: Linux-5.3.0-51-generic-x86_64-with-Ubuntu-18.04-bionic, Python version: 3.6.9;0.741;0;1.349
Success;Object detection;ssd512;PASCAL VOC;Caffe;OpenVINO DLDT;1x3x512x512;FP16;8;Async;Device: MYRIAD, Iteration count: 1000;CPU: Intel(R) Core(TM) i7-8700 CPU @ 3.20GHz, CPU family: x86_64, GPU: Intel(R) Gen9 HD Graphics, RAM size: 65727564 kB, OS family: Linux, OS version: Linux-5.3.0-51-generic-x86_64-with-Ubuntu-18.04-bionic, Python version: 3.6.9;5.874;0;1.362
